{"cameraMode":{"drawMode":0,"name":"Shaded","section":"Shading Mode"},"sceneLighting":true,"audioPlay":false,"sceneViewState":{"showFog":true,"showMaterialUpdate":false,"showSkybox":true,"showFlares":true,"showImageEffects":true,"showParticleSystems":true},"in2DMode":false,"pivot":{"x":25.200000762939454,"y":6.960000038146973,"z":66.0999984741211},"rotation":{"x":0.19848443567752839,"y":0.20298463106155396,"z":-0.04205937683582306,"w":0.9579344987869263},"size":68.98471069335938,"orthographic":false}